<?xml version="1.0" encoding="UTF-8"?>
<!DOCTYPE topology SYSTEM "hwloc2.dtd">
<topology version="2.0">
  <object type="Machine" os_index="0" cpuset="0x0000ffff" complete_cpuset="0xffffffff,0xffffffff" allowed_cpuset="0x0000ffff" nodeset="0x000000ff" complete_nodeset="0x000000ff" allowed_nodeset="0x000000ff" gp_index="1">
    <info name="DMIProductName" value="H8QG6"/>
    <info name="DMIProductVersion" value="1234567890"/>
    <info name="DMIProductSerial" value="1234567890"/>
    <info name="DMIProductUUID" value="47513848-0036-2500-9058-002590582E10"/>
    <info name="DMIBoardVendor" value="Supermicro"/>
    <info name="DMIBoardName" value="H8QG6"/>
    <info name="DMIBoardVersion" value="1234567890"/>
    <info name="DMIBoardSerial" value="WM1AS70308"/>
    <info name="DMIBoardAssetTag" value="1234567890"/>
    <info name="DMIChassisVendor" value="Supermicro"/>
    <info name="DMIChassisType" value="17"/>
    <info name="DMIChassisVersion" value="1234567890"/>
    <info name="DMIChassisSerial" value="1234567890."/>
    <info name="DMIChassisAssetTag" value="1234567890"/>
    <info name="DMIBIOSVendor" value="American Megatrends Inc."/>
    <info name="DMIBIOSVersion" value="3.5       "/>
    <info name="DMIBIOSDate" value="12/16/2013"/>
    <info name="DMISysVendor" value="Supermicro"/>
    <info name="Backend" value="Linux"/>
    <info name="LinuxCgroup" value="/"/>
    <info name="OSName" value="Linux"/>
    <info name="OSRelease" value="4.15.18-17-pve"/>
    <info name="OSVersion" value="#1 SMP PVE 4.15.18-43 (Tue, 25 Jun 2019 17:59:49 +0200)"/>
    <info name="HostName" value="host"/>
    <info name="Architecture" value="x86_64"/>
    <info name="hwlocVersion" value="2.0.4"/>
    <info name="ProcessName" value="redis"/>
    <object type="Package" os_index="0" cpuset="0x0000ffff" complete_cpuset="0x0000ffff" nodeset="0x00000003" complete_nodeset="0x00000003" gp_index="2">
      <info name="CPUVendor" value="AuthenticAMD"/>
      <info name="CPUFamilyNumber" value="21"/>
      <info name="CPUModelNumber" value="1"/>
      <info name="CPUModel" value="AMD Opteron(TM) Processor 6272                 "/>
      <info name="CPUStepping" value="2"/>
      <object type="L3Cache" cpuset="0x000000ff" complete_cpuset="0x000000ff" nodeset="0x00000001" complete_nodeset="0x00000001" gp_index="7" cache_size="6291456" depth="3" cache_linesize="64" cache_associativity="48" cache_type="0">
        <info name="Inclusive" value="0"/>
        <object type="NUMANode" os_index="0" cpuset="0x000000ff" complete_cpuset="0x000000ff" nodeset="0x00000001" complete_nodeset="0x00000001" gp_index="238" local_memory="33751842816">
          <page_type size="4096" count="7406660"/>
          <page_type size="2097152" count="1628"/>
          <page_type size="1073741824" count="0"/>
        </object>
        <object type="L2Cache" cpuset="0x00000003" complete_cpuset="0x00000003" nodeset="0x00000001" complete_nodeset="0x00000001" gp_index="6" cache_size="2097152" depth="2" cache_linesize="64" cache_associativity="16" cache_type="0">
          <info name="Inclusive" value="0"/>
          <object type="L1Cache" cpuset="0x00000001" complete_cpuset="0x00000001" nodeset="0x00000001" complete_nodeset="0x00000001" gp_index="5" cache_size="16384" depth="1" cache_linesize="64" cache_associativity="4" cache_type="1">
            <info name="Inclusive" value="0"/>
            <object type="Core" os_index="0" cpuset="0x00000001" complete_cpuset="0x00000001" nodeset="0x00000001" complete_nodeset="0x00000001" gp_index="3">
              <object type="PU" os_index="0" cpuset="0x00000001" complete_cpuset="0x00000001" nodeset="0x00000001" complete_nodeset="0x00000001" gp_index="4"/>
            </object>
          </object>
          <object type="L1Cache" cpuset="0x00000002" complete_cpuset="0x00000002" nodeset="0x00000001" complete_nodeset="0x00000001" gp_index="10" cache_size="16384" depth="1" cache_linesize="64" cache_associativity="4" cache_type="1">
            <info name="Inclusive" value="0"/>
            <object type="Core" os_index="1" cpuset="0x00000002" complete_cpuset="0x00000002" nodeset="0x00000001" complete_nodeset="0x00000001" gp_index="8">
              <object type="PU" os_index="1" cpuset="0x00000002" complete_cpuset="0x00000002" nodeset="0x00000001" complete_nodeset="0x00000001" gp_index="9"/>
            </object>
          </object>
        </object>
        <object type="L2Cache" cpuset="0x0000000c" complete_cpuset="0x0000000c" nodeset="0x00000001" complete_nodeset="0x00000001" gp_index="14" cache_size="2097152" depth="2" cache_linesize="64" cache_associativity="16" cache_type="0">
          <info name="Inclusive" value="0"/>
          <object type="L1Cache" cpuset="0x00000004" complete_cpuset="0x00000004" nodeset="0x00000001" complete_nodeset="0x00000001" gp_index="13" cache_size="16384" depth="1" cache_linesize="64" cache_associativity="4" cache_type="1">
            <info name="Inclusive" value="0"/>
            <object type="Core" os_index="2" cpuset="0x00000004" complete_cpuset="0x00000004" nodeset="0x00000001" complete_nodeset="0x00000001" gp_index="11">
              <object type="PU" os_index="2" cpuset="0x00000004" complete_cpuset="0x00000004" nodeset="0x00000001" complete_nodeset="0x00000001" gp_index="12"/>
            </object>
          </object>
          <object type="L1Cache" cpuset="0x00000008" complete_cpuset="0x00000008" nodeset="0x00000001" complete_nodeset="0x00000001" gp_index="17" cache_size="16384" depth="1" cache_linesize="64" cache_associativity="4" cache_type="1">
            <info name="Inclusive" value="0"/>
            <object type="Core" os_index="3" cpuset="0x00000008" complete_cpuset="0x00000008" nodeset="0x00000001" complete_nodeset="0x00000001" gp_index="15">
              <object type="PU" os_index="3" cpuset="0x00000008" complete_cpuset="0x00000008" nodeset="0x00000001" complete_nodeset="0x00000001" gp_index="16"/>
            </object>
          </object>
        </object>
        <object type="L2Cache" cpuset="0x00000030" complete_cpuset="0x00000030" nodeset="0x00000001" complete_nodeset="0x00000001" gp_index="21" cache_size="2097152" depth="2" cache_linesize="64" cache_associativity="16" cache_type="0">
          <info name="Inclusive" value="0"/>
          <object type="L1Cache" cpuset="0x00000010" complete_cpuset="0x00000010" nodeset="0x00000001" complete_nodeset="0x00000001" gp_index="20" cache_size="16384" depth="1" cache_linesize="64" cache_associativity="4" cache_type="1">
            <info name="Inclusive" value="0"/>
            <object type="Core" os_index="4" cpuset="0x00000010" complete_cpuset="0x00000010" nodeset="0x00000001" complete_nodeset="0x00000001" gp_index="18">
              <object type="PU" os_index="4" cpuset="0x00000010" complete_cpuset="0x00000010" nodeset="0x00000001" complete_nodeset="0x00000001" gp_index="19"/>
            </object>
          </object>
          <object type="L1Cache" cpuset="0x00000020" complete_cpuset="0x00000020" nodeset="0x00000001" complete_nodeset="0x00000001" gp_index="24" cache_size="16384" depth="1" cache_linesize="64" cache_associativity="4" cache_type="1">
            <info name="Inclusive" value="0"/>
            <object type="Core" os_index="5" cpuset="0x00000020" complete_cpuset="0x00000020" nodeset="0x00000001" complete_nodeset="0x00000001" gp_index="22">
              <object type="PU" os_index="5" cpuset="0x00000020" complete_cpuset="0x00000020" nodeset="0x00000001" complete_nodeset="0x00000001" gp_index="23"/>
            </object>
          </object>
        </object>
        <object type="L2Cache" cpuset="0x000000c0" complete_cpuset="0x000000c0" nodeset="0x00000001" complete_nodeset="0x00000001" gp_index="28" cache_size="2097152" depth="2" cache_linesize="64" cache_associativity="16" cache_type="0">
          <info name="Inclusive" value="0"/>
          <object type="L1Cache" cpuset="0x00000040" complete_cpuset="0x00000040" nodeset="0x00000001" complete_nodeset="0x00000001" gp_index="27" cache_size="16384" depth="1" cache_linesize="64" cache_associativity="4" cache_type="1">
            <info name="Inclusive" value="0"/>
            <object type="Core" os_index="6" cpuset="0x00000040" complete_cpuset="0x00000040" nodeset="0x00000001" complete_nodeset="0x00000001" gp_index="25">
              <object type="PU" os_index="6" cpuset="0x00000040" complete_cpuset="0x00000040" nodeset="0x00000001" complete_nodeset="0x00000001" gp_index="26"/>
            </object>
          </object>
          <object type="L1Cache" cpuset="0x00000080" complete_cpuset="0x00000080" nodeset="0x00000001" complete_nodeset="0x00000001" gp_index="31" cache_size="16384" depth="1" cache_linesize="64" cache_associativity="4" cache_type="1">
            <info name="Inclusive" value="0"/>
            <object type="Core" os_index="7" cpuset="0x00000080" complete_cpuset="0x00000080" nodeset="0x00000001" complete_nodeset="0x00000001" gp_index="29">
              <object type="PU" os_index="7" cpuset="0x00000080" complete_cpuset="0x00000080" nodeset="0x00000001" complete_nodeset="0x00000001" gp_index="30"/>
            </object>
          </object>
        </object>
      </object>
      <object type="L3Cache" cpuset="0x0000ff00" complete_cpuset="0x0000ff00" nodeset="0x00000002" complete_nodeset="0x00000002" gp_index="36" cache_size="6291456" depth="3" cache_linesize="64" cache_associativity="48" cache_type="0">
        <info name="Inclusive" value="0"/>
        <object type="NUMANode" os_index="1" cpuset="0x0000ff00" complete_cpuset="0x0000ff00" nodeset="0x00000002" complete_nodeset="0x00000002" gp_index="239" local_memory="33821167616">
          <page_type size="4096" count="7437921"/>
          <page_type size="2097152" count="1600"/>
          <page_type size="1073741824" count="0"/>
        </object>
        <object type="L2Cache" cpuset="0x00000300" complete_cpuset="0x00000300" nodeset="0x00000002" complete_nodeset="0x00000002" gp_index="35" cache_size="2097152" depth="2" cache_linesize="64" cache_associativity="16" cache_type="0">
          <info name="Inclusive" value="0"/>
          <object type="L1Cache" cpuset="0x00000100" complete_cpuset="0x00000100" nodeset="0x00000002" complete_nodeset="0x00000002" gp_index="34" cache_size="16384" depth="1" cache_linesize="64" cache_associativity="4" cache_type="1">
            <info name="Inclusive" value="0"/>
            <object type="Core" os_index="0" cpuset="0x00000100" complete_cpuset="0x00000100" nodeset="0x00000002" complete_nodeset="0x00000002" gp_index="32">
              <object type="PU" os_index="8" cpuset="0x00000100" complete_cpuset="0x00000100" nodeset="0x00000002" complete_nodeset="0x00000002" gp_index="33"/>
            </object>
          </object>
          <object type="L1Cache" cpuset="0x00000200" complete_cpuset="0x00000200" nodeset="0x00000002" complete_nodeset="0x00000002" gp_index="39" cache_size="16384" depth="1" cache_linesize="64" cache_associativity="4" cache_type="1">
            <info name="Inclusive" value="0"/>
            <object type="Core" os_index="1" cpuset="0x00000200" complete_cpuset="0x00000200" nodeset="0x00000002" complete_nodeset="0x00000002" gp_index="37">
              <object type="PU" os_index="9" cpuset="0x00000200" complete_cpuset="0x00000200" nodeset="0x00000002" complete_nodeset="0x00000002" gp_index="38"/>
            </object>
          </object>
        </object>
        <object type="L2Cache" cpuset="0x00000c00" complete_cpuset="0x00000c00" nodeset="0x00000002" complete_nodeset="0x00000002" gp_index="43" cache_size="2097152" depth="2" cache_linesize="64" cache_associativity="16" cache_type="0">
          <info name="Inclusive" value="0"/>
          <object type="L1Cache" cpuset="0x00000400" complete_cpuset="0x00000400" nodeset="0x00000002" complete_nodeset="0x00000002" gp_index="42" cache_size="16384" depth="1" cache_linesize="64" cache_associativity="4" cache_type="1">
            <info name="Inclusive" value="0"/>
            <object type="Core" os_index="2" cpuset="0x00000400" complete_cpuset="0x00000400" nodeset="0x00000002" complete_nodeset="0x00000002" gp_index="40">
              <object type="PU" os_index="10" cpuset="0x00000400" complete_cpuset="0x00000400" nodeset="0x00000002" complete_nodeset="0x00000002" gp_index="41"/>
            </object>
          </object>
          <object type="L1Cache" cpuset="0x00000800" complete_cpuset="0x00000800" nodeset="0x00000002" complete_nodeset="0x00000002" gp_index="46" cache_size="16384" depth="1" cache_linesize="64" cache_associativity="4" cache_type="1">
            <info name="Inclusive" value="0"/>
            <object type="Core" os_index="3" cpuset="0x00000800" complete_cpuset="0x00000800" nodeset="0x00000002" complete_nodeset="0x00000002" gp_index="44">
              <object type="PU" os_index="11" cpuset="0x00000800" complete_cpuset="0x00000800" nodeset="0x00000002" complete_nodeset="0x00000002" gp_index="45"/>
            </object>
          </object>
        </object>
        <object type="L2Cache" cpuset="0x00003000" complete_cpuset="0x00003000" nodeset="0x00000002" complete_nodeset="0x00000002" gp_index="50" cache_size="2097152" depth="2" cache_linesize="64" cache_associativity="16" cache_type="0">
          <info name="Inclusive" value="0"/>
          <object type="L1Cache" cpuset="0x00001000" complete_cpuset="0x00001000" nodeset="0x00000002" complete_nodeset="0x00000002" gp_index="49" cache_size="16384" depth="1" cache_linesize="64" cache_associativity="4" cache_type="1">
            <info name="Inclusive" value="0"/>
            <object type="Core" os_index="4" cpuset="0x00001000" complete_cpuset="0x00001000" nodeset="0x00000002" complete_nodeset="0x00000002" gp_index="47">
              <object type="PU" os_index="12" cpuset="0x00001000" complete_cpuset="0x00001000" nodeset="0x00000002" complete_nodeset="0x00000002" gp_index="48"/>
            </object>
          </object>
          <object type="L1Cache" cpuset="0x00002000" complete_cpuset="0x00002000" nodeset="0x00000002" complete_nodeset="0x00000002" gp_index="53" cache_size="16384" depth="1" cache_linesize="64" cache_associativity="4" cache_type="1">
            <info name="Inclusive" value="0"/>
            <object type="Core" os_index="5" cpuset="0x00002000" complete_cpuset="0x00002000" nodeset="0x00000002" complete_nodeset="0x00000002" gp_index="51">
              <object type="PU" os_index="13" cpuset="0x00002000" complete_cpuset="0x00002000" nodeset="0x00000002" complete_nodeset="0x00000002" gp_index="52"/>
            </object>
          </object>
        </object>
        <object type="L2Cache" cpuset="0x0000c000" complete_cpuset="0x0000c000" nodeset="0x00000002" complete_nodeset="0x00000002" gp_index="57" cache_size="2097152" depth="2" cache_linesize="64" cache_associativity="16" cache_type="0">
          <info name="Inclusive" value="0"/>
          <object type="L1Cache" cpuset="0x00004000" complete_cpuset="0x00004000" nodeset="0x00000002" complete_nodeset="0x00000002" gp_index="56" cache_size="16384" depth="1" cache_linesize="64" cache_associativity="4" cache_type="1">
            <info name="Inclusive" value="0"/>
            <object type="Core" os_index="6" cpuset="0x00004000" complete_cpuset="0x00004000" nodeset="0x00000002" complete_nodeset="0x00000002" gp_index="54">
              <object type="PU" os_index="14" cpuset="0x00004000" complete_cpuset="0x00004000" nodeset="0x00000002" complete_nodeset="0x00000002" gp_index="55"/>
            </object>
          </object>
          <object type="L1Cache" cpuset="0x00008000" complete_cpuset="0x00008000" nodeset="0x00000002" complete_nodeset="0x00000002" gp_index="60" cache_size="16384" depth="1" cache_linesize="64" cache_associativity="4" cache_type="1">
            <info name="Inclusive" value="0"/>
            <object type="Core" os_index="7" cpuset="0x00008000" complete_cpuset="0x00008000" nodeset="0x00000002" complete_nodeset="0x00000002" gp_index="58">
              <object type="PU" os_index="15" cpuset="0x00008000" complete_cpuset="0x00008000" nodeset="0x00000002" complete_nodeset="0x00000002" gp_index="59"/>
            </object>
          </object>
        </object>
      </object>
    </object>
    <object type="Package" os_index="1" cpuset="0x0" complete_cpuset="0xffff0000" nodeset="0x0000000c" complete_nodeset="0x0000000c" gp_index="61">
      <object type="L3Cache" cpuset="0x0" complete_cpuset="0x00ff0000" nodeset="0x00000004" complete_nodeset="0x00000004" gp_index="66" cache_size="6291456" depth="3" cache_linesize="64" cache_associativity="48" cache_type="0">
        <object type="NUMANode" os_index="2" cpuset="0x0" complete_cpuset="0x00ff0000" nodeset="0x00000004" complete_nodeset="0x00000004" gp_index="240" local_memory="33821171712">
          <page_type size="4096" count="7642722"/>
          <page_type size="2097152" count="1200"/>
          <page_type size="1073741824" count="0"/>
        </object>
      </object>
      <object type="L3Cache" cpuset="0x0" complete_cpuset="0xff000000" nodeset="0x00000008" complete_nodeset="0x00000008" gp_index="95" cache_size="6291456" depth="3" cache_linesize="64" cache_associativity="48" cache_type="0">
        <object type="NUMANode" os_index="3" cpuset="0x0" complete_cpuset="0xff000000" nodeset="0x00000008" complete_nodeset="0x00000008" gp_index="241" local_memory="33821167616">
          <page_type size="4096" count="7424097"/>
          <page_type size="2097152" count="1627"/>
          <page_type size="1073741824" count="0"/>
        </object>
      </object>
    </object>
    <object type="Package" os_index="2" cpuset="0x0" complete_cpuset="0x0000ffff,0x0" nodeset="0x00000030" complete_nodeset="0x00000030" gp_index="120">
      <object type="L3Cache" cpuset="0x0" complete_cpuset="0x000000ff,0x0" nodeset="0x00000010" complete_nodeset="0x00000010" gp_index="125" cache_size="6291456" depth="3" cache_linesize="64" cache_associativity="48" cache_type="0">
        <object type="NUMANode" os_index="4" cpuset="0x0" complete_cpuset="0x000000ff,0x0" nodeset="0x00000010" complete_nodeset="0x00000010" gp_index="242" local_memory="33821171712">
          <page_type size="4096" count="7936098"/>
          <page_type size="2097152" count="627"/>
          <page_type size="1073741824" count="0"/>
        </object>
      </object>
      <object type="L3Cache" cpuset="0x0" complete_cpuset="0x0000ff00,0x0" nodeset="0x00000020" complete_nodeset="0x00000020" gp_index="154" cache_size="6291456" depth="3" cache_linesize="64" cache_associativity="48" cache_type="0">
        <object type="NUMANode" os_index="5" cpuset="0x0" complete_cpuset="0x0000ff00,0x0" nodeset="0x00000020" complete_nodeset="0x00000020" gp_index="243" local_memory="33798971392">
          <page_type size="4096" count="7421238"/>
          <page_type size="2097152" count="1622"/>
          <page_type size="1073741824" count="0"/>
        </object>
      </object>
    </object>
    <object type="Package" os_index="3" cpuset="0x0" complete_cpuset="0xffff0000,0x0" nodeset="0x000000c0" complete_nodeset="0x000000c0" gp_index="179">
      <object type="L3Cache" cpuset="0x0" complete_cpuset="0x00ff0000,0x0" nodeset="0x00000040" complete_nodeset="0x00000040" gp_index="184" cache_size="6291456" depth="3" cache_linesize="64" cache_associativity="48" cache_type="0">
        <object type="NUMANode" os_index="6" cpuset="0x0" complete_cpuset="0x00ff0000,0x0" nodeset="0x00000040" complete_nodeset="0x00000040" gp_index="244" local_memory="33821171712">
          <page_type size="4096" count="8097890"/>
          <page_type size="2097152" count="311"/>
          <page_type size="1073741824" count="0"/>
        </object>
      </object>
      <object type="L3Cache" cpuset="0x0" complete_cpuset="0xff000000,0x0" nodeset="0x00000080" complete_nodeset="0x00000080" gp_index="213" cache_size="6291456" depth="3" cache_linesize="64" cache_associativity="48" cache_type="0">
        <object type="NUMANode" os_index="7" cpuset="0x0" complete_cpuset="0xff000000,0x0" nodeset="0x00000080" complete_nodeset="0x00000080" gp_index="245" local_memory="33803800576">
          <page_type size="4096" count="7748561"/>
          <page_type size="2097152" count="985"/>
          <page_type size="1073741824" count="0"/>
        </object>
      </object>
    </object>
  </object>
  <distances2 type="NUMANode" nbobjs="8" kind="5" indexing="os">
    <indexes length="16">0 1 2 3 4 5 6 7 </indexes>
    <u64values length="30">10 16 16 22 16 22 16 22 16 10 </u64values>
    <u64values length="30">22 16 22 16 22 16 16 22 10 16 </u64values>
    <u64values length="30">16 22 16 22 22 16 16 10 22 16 </u64values>
    <u64values length="30">22 16 16 22 16 22 10 16 16 22 </u64values>
    <u64values length="30">22 16 22 16 16 10 22 16 16 22 </u64values>
    <u64values length="30">16 22 16 22 10 16 22 16 22 16 </u64values>
    <u64values length="12">22 16 16 10 </u64values>
  </distances2>
</topology>